Wave,TAU_spectrpol_S,TAU_spectrpol_P,TAU_spectrpol,flip_TE,flip_TM,flip_NP,polarimeter_TAU,coat_Rs,coat_Rp,coat_R,echelle_Rs,echelle_Rp,echelle_R,CD_Rs,CD_Rp,CD_R,dDOPED_QE,R_percent,EFF,Read Noise,Sky,Dark,BEF,Disp_Width,XDisp_Width
98.7,,,,0.31219,0.43522,0.18916,0.13101,0.29398,0.29456,0.2934,,,,0.83251,0.92533,0.87169,0.64965,0.314,,0.0,1.93e-07,5e-06,6.616e-20,3.1,3.1
98.8,0.00026787,5.0535e-05,0.00012963,0.30731,0.43084,0.18378,0.13035,0.28808,0.28866,0.2875,0.51702,0.062335,0.40233,0.83287,0.92399,0.87135,0.64956,0.314,0.00012963,0.0,2.14e-07,5e-06,6.019e-20,3.1,3.1
98.9,0.00025906,5.4279e-05,0.00012363,0.30195,0.42588,0.17802,0.12974,0.28181,0.28239,0.28122,0.54602,0.072798,0.42545,0.83322,0.92266,0.87101,0.64947,0.314,0.00012363,0.0,2.36e-07,5e-06,5.486e-20,3.1,3.1
99.0,0.00024835,5.6768e-05,0.00011674,0.29615,0.42036,0.17195,0.1292,0.27525,0.27582,0.27466,0.575,0.083262,0.44855,0.83358,0.92132,0.87067,0.64937,0.314,0.00011674,0.0,2.61e-07,5e-06,5.011e-20,3.1,3.1
99.1,0.00023627,5.8167e-05,0.0001093,0.28998,0.4143,0.16566,0.12871,0.2685,0.26909,0.26793,0.604,0.093725,0.47167,0.83394,0.91999,0.87034,0.64927,0.3210999999999996,0.0001093,0.0,2.87e-07,5e-06,4.587e-20,3.1,3.1
99.2,0.00022154,5.8165e-05,0.00010063,0.28318,0.4075,0.15886,0.12828,0.26105,0.26163,0.26047,0.63299,0.10419,0.49478,0.83429,0.91865,0.87,0.64916,0.3282000000000002,0.00010063,0.0,3.19e-07,5e-06,4.177e-20,3.1,3.1
99.3,0.0001898,5.2664e-05,8.3626e-05,0.27429,0.39924,0.14934,0.1279,0.24846,0.24904,0.24786,0.65111,0.11215,0.50939,0.83465,0.91732,0.86966,0.64906,0.3352999999999998,8.3626e-05,0.0,3.65e-07,5e-06,3.689e-20,3.1,3.1
99.4,0.0001653,4.7935e-05,7.1046e-05,0.2683,0.39404,0.14255,0.12757,0.23833,0.23893,0.23772,0.65838,0.11761,0.51551,0.835,0.91598,0.86932,0.64895,0.3424000000000004,7.1046e-05,0.0,4.17e-07,5e-06,3.27e-20,3.1,3.1
99.5,0.00015279,4.6022e-05,6.4755e-05,0.26643,0.3932,0.13967,0.12729,0.232,0.23263,0.23136,0.66564,0.12307,0.52163,0.83536,0.91465,0.86899,0.64883,0.34950000000000003,6.4755e-05,0.0,4.75e-07,5e-06,2.911e-20,3.1,3.1
99.6,0.00015488,4.805e-05,6.589e-05,0.27022,0.39823,0.14222,0.12706,0.23124,0.23189,0.23059,0.6729,0.12854,0.52775,0.83572,0.91331,0.86865,0.64872,0.3565999999999996,6.589e-05,0.0,5.44e-07,5e-06,2.58e-20,3.1,3.1
99.7,0.00017825,5.6388e-05,7.7851e-05,0.28148,0.41084,0.15213,0.12687,0.2383,0.23898,0.23761,0.68017,0.134,0.53387,0.83607,0.91198,0.86831,0.6486,0.3637000000000002,7.7851e-05,0.0,6.21e-07,5e-06,2.296e-20,3.1,3.1
99.8,0.00023496,7.4235e-05,0.00010789,0.30226,0.43278,0.17174,0.12673,0.25587,0.25658,0.25515,0.67509,0.13569,0.53019,0.83643,0.91064,0.86797,0.64848,0.3707999999999998,0.00010789,0.0,7.07e-07,5e-06,2.051e-20,3.1,3.1
99.9,0.0003574,0.0001106,0.00017591,0.33473,0.46562,0.20383,0.12663,0.28697,0.2877,0.28622,0.65766,0.13361,0.5167,0.83678,0.90931,0.86764,0.64836,0.3779000000000004,0.00017591,0.0,8.03e-07,5e-06,1.84e-20,3.1,3.1
100.0,0.00060368,0.00018194,0.00032064,0.37761,0.50723,0.24799,0.12656,0.33128,0.33204,0.33053,0.64024,0.13154,0.50321,0.83714,0.90797,0.8673,0.64823,0.385,0.00032064,0.0,9.1e-07,5e-06,1.657e-20,3.1,3.1
100.1,0.000756,0.00022612,0.00041429,0.39725,0.52525,0.26925,0.12654,0.35435,0.35509,0.35361,0.62282,0.12946,0.48972,0.83742,0.90568,0.8665,0.6481,0.3992999999999992,0.00041429,0.0,9.75e-07,5e-06,1.569e-20,3.1,3.1
100.2,0.00093644,0.00027827,0.00052825,0.41711,0.5431,0.29112,0.12655,0.37795,0.37868,0.37722,0.60539,0.12738,0.47623,0.8377,0.90339,0.8657,0.64797,0.4136000000000004,0.00052825,0.0,1.04e-06,5e-06,1.496e-20,3.1,3.1
100.3,0.0011298,0.0003318,0.00065458,0.43707,0.56069,0.31345,0.12659,0.40189,0.4026,0.40118,0.5795,0.12272,0.456,0.83799,0.9011,0.86489,0.64783,0.4278999999999996,0.00065458,0.0,1.09e-06,5e-06,1.444e-20,3.1,3.1
100.4,0.0013245,0.00038224,0.00078628,0.45702,0.57793,0.33611,0.12666,0.42599,0.42668,0.42529,0.54515,0.11547,0.42901,0.83827,0.89881,0.86409,0.64769,0.4422000000000008,0.00078628,0.0,1.14e-06,5e-06,1.393e-20,3.1,3.1
100.5,0.0015287,0.00043385,0.00092826,0.47688,0.59476,0.359,0.12676,0.45008,0.45076,0.4494,0.5108,0.10823,0.40203,0.83855,0.89652,0.86329,0.64755,0.4565,0.00092826,0.0,1.2e-06,5e-06,1.346e-20,3.1,3.1
100.6,0.0017367,0.00048493,0.0010769,0.49658,0.61115,0.38201,0.12689,0.47404,0.47469,0.47339,0.47645,0.10098,0.37505,0.83883,0.89423,0.86249,0.64741,0.4707999999999992,0.0010769,0.0,1.25e-06,5e-06,1.3e-20,3.1,3.1
100.7,0.0019415,0.00053372,0.0012274,0.51607,0.62708,0.40506,0.12704,0.49776,0.49839,0.49714,0.4421,0.093737,0.34806,0.83911,0.89194,0.86169,0.64726,0.4851000000000004,0.0012274,0.0,1.31e-06,5e-06,1.257e-20,3.1,3.1
100.8,0.0021267,0.00057436,0.0013687,0.53533,0.64256,0.4281,0.12722,0.52116,0.52175,0.52057,0.40613,0.085927,0.31977,0.8394,0.88965,0.86088,0.64712,0.4993999999999996,0.0013687,0.0,1.38e-06,5e-06,1.217e-20,3.1,3.1
100.9,0.0021618,0.00057426,0.0014063,0.5481,0.65266,0.44354,0.12742,0.53672,0.53729,0.53615,0.36856,0.077552,0.29016,0.83968,0.88736,0.86008,0.64696,0.5137000000000008,0.0014063,0.0,1.44e-06,5e-06,1.178e-20,3.1,3.1
101.0,0.0021651,0.00056505,0.0014227,0.56072,0.66253,0.4589,0.12763,0.55205,0.55259,0.55149,0.33098,0.069177,0.26055,0.83996,0.88507,0.85928,0.64681,0.528,0.0014227,0.0,1.5e-06,5e-06,1.144e-20,3.1,3.1
101.1,0.0021316,0.00054548,0.0014138,0.57318,0.67219,0.47417,0.12787,0.56712,0.56765,0.56659,0.2934,0.060802,0.23095,0.84042,0.88249,0.85845,0.64665,0.5361999999999996,0.0014138,0.0,1.55e-06,5e-06,1.123e-20,3.1,3.1
101.2,0.002056,0.00051468,0.0013757,0.58551,0.68166,0.48935,0.12811,0.58195,0.58247,0.58144,0.25583,0.052427,0.20134,0.84088,0.87991,0.85763,0.64649,0.5444000000000002,0.0013757,0.0,1.59e-06,5e-06,1.103e-20,3.1,3.1
101.3,0.0044666,0.00065787,0.0029881,0.59771,0.69096,0.50446,0.12837,0.59655,0.59705,0.59606,0.50425,0.061456,0.39345,0.84133,0.87732,0.8568,0.64633,0.5525999999999998,0.0029881,0.0,1.64e-06,5e-06,1.084e-20,3.1,3.1
101.4,0.0052637,0.00077746,0.0035505,0.60982,0.70012,0.51951,0.12864,0.61094,0.6114,0.61047,0.54094,0.066821,0.42219,0.84179,0.87474,0.85598,0.64617,0.5608000000000005,0.0035505,0.0,1.69e-06,5e-06,1.065e-20,3.1,3.1
101.5,0.0061549,0.00091033,0.0041844,0.62184,0.70917,0.53452,0.12892,0.62512,0.62557,0.62467,0.57762,0.072186,0.45093,0.84225,0.87216,0.85515,0.646,0.569,0.0041844,0.0,1.74e-06,5e-06,1.047e-20,3.1,3.1
101.6,0.0071486,0.0010588,0.0048992,0.63383,0.71814,0.54951,0.12921,0.63913,0.63956,0.6387,0.61431,0.077552,0.47967,0.8427,0.87083,0.85485,0.64583,0.5771999999999995,0.0048992,0.0,1.79e-06,5e-06,1.029e-20,3.1,3.1
101.7,0.0079861,0.0011859,0.005499,0.64078,0.72307,0.55848,0.1295,0.64757,0.64797,0.64716,0.65099,0.082917,0.50842,0.84316,0.86949,0.85455,0.64566,0.5854000000000003,0.005499,0.0,1.84e-06,5e-06,1.012e-20,3.1,3.1
101.8,0.008695,0.0012937,0.0060064,0.64547,0.7262,0.56475,0.1298,0.65351,0.6539,0.65311,0.68288,0.087597,0.53341,0.84361,0.86816,0.85425,0.64548,0.5935999999999998,0.0060064,0.0,1.89e-06,5e-06,9.961e-21,3.1,3.1
101.9,0.009181,0.0013638,0.0063616,0.65004,0.72921,0.57087,0.13009,0.65928,0.65966,0.65889,0.69558,0.089535,0.54342,0.84406,0.86683,0.85395,0.64531,0.6018000000000004,0.0063616,0.0,1.92e-06,5e-06,9.92e-21,3.1,3.1
102.0,0.0096788,0.0014355,0.0067267,0.65449,0.73211,0.57687,0.13039,0.66488,0.66526,0.66451,0.70828,0.091473,0.55343,0.84451,0.8655,0.85365,0.64513,0.61,0.0067267,0.0,1.94e-06,5e-06,9.881e-21,3.1,3.1
102.1,0.010189,0.0015085,0.0071012,0.65883,0.73492,0.58273,0.13068,0.67034,0.6707,0.66997,0.72098,0.093411,0.56344,0.84497,0.86416,0.85334,0.64494,0.6131999999999999,0.0071012,0.0,1.96e-06,5e-06,9.842e-21,3.1,3.1
102.2,0.010711,0.0015829,0.0074855,0.66306,0.73764,0.58849,0.13096,0.67564,0.67599,0.67529,0.73368,0.09535,0.57345,0.84542,0.86283,0.85304,0.64476,0.6164000000000001,0.0074855,0.0,1.99e-06,5e-06,9.803e-21,3.1,3.1
102.3,0.011244,0.0016587,0.0078791,0.6672,0.74028,0.59413,0.13124,0.68081,0.68115,0.68047,0.74638,0.097288,0.58346,0.84587,0.8615,0.85274,0.64457,0.6195999999999999,0.0078791,0.0,2.01e-06,5e-06,9.766e-21,3.1,3.1
102.4,0.011343,0.0016672,0.0079688,0.67126,0.74284,0.59968,0.13151,0.68585,0.68618,0.68553,0.73035,0.095302,0.57099,0.84632,0.86017,0.85244,0.64438,0.6228000000000001,0.0079688,0.0,2.04e-06,5e-06,9.728e-21,3.1,3.1
102.5,0.011427,0.0016736,0.0080471,0.67523,0.74533,0.60514,0.13177,0.69078,0.6911,0.69046,0.71432,0.093317,0.55852,0.84678,0.85883,0.85214,0.64419,0.626,0.0080471,0.0,2.06e-06,5e-06,9.692e-21,3.1,3.1
102.6,0.011496,0.0016778,0.0081145,0.67914,0.74776,0.61052,0.13201,0.69559,0.6959,0.69528,0.69828,0.091331,0.54605,0.84723,0.8575,0.85184,0.64399,0.6291999999999999,0.0081145,0.0,2.09e-06,5e-06,9.656e-21,3.1,3.1
102.7,0.011547,0.0016821,0.0081752,0.68299,0.75014,0.61585,0.13224,0.70032,0.70062,0.70003,0.68225,0.089345,0.53358,0.84748,0.85721,0.85186,0.6438,0.6324000000000001,0.0081752,0.0,2.12e-06,5e-06,9.619e-21,3.1,3.1
102.8,0.011584,0.0016844,0.0082243,0.68679,0.75247,0.62111,0.13245,0.70496,0.70525,0.70467,0.66622,0.08736,0.52111,0.84773,0.85692,0.85188,0.6436,0.6355999999999999,0.0082243,0.0,2.14e-06,5e-06,9.583e-21,3.1,3.1
102.9,0.011347,0.0016474,0.0080783,0.69055,0.75477,0.62632,0.13264,0.70952,0.70979,0.70924,0.63568,0.083491,0.49728,0.84799,0.85663,0.8519,0.64339,0.6388000000000001,0.0080783,0.0,2.17e-06,5e-06,9.547e-21,3.1,3.1
103.0,0.010967,0.0015905,0.0078297,0.69427,0.75703,0.6315,0.13281,0.71401,0.71427,0.71374,0.59892,0.078816,0.46858,0.84824,0.85634,0.85192,0.64319,0.642,0.0078297,0.0,2.2e-06,5e-06,9.511e-21,3.1,3.1
103.1,0.010554,0.0015293,0.007555,0.69796,0.75928,0.63665,0.13296,0.71844,0.71869,0.71817,0.56216,0.07414,0.43987,0.84849,0.85605,0.85194,0.64298,0.6434,0.007555,0.0,2.23e-06,5e-06,9.477e-21,3.1,3.1
103.2,0.010107,0.0014638,0.0072547,0.70165,0.76152,0.64178,0.13308,0.72281,0.72306,0.72256,0.52541,0.069464,0.41117,0.84874,0.85576,0.85196,0.64277,0.6448,0.0072547,0.0,2.26e-06,5e-06,9.443e-21,3.1,3.1
103.3,0.0096271,0.001394,0.0069284,0.70533,0.76375,0.6469,0.13317,0.72715,0.72738,0.72691,0.48865,0.064789,0.38247,0.84899,0.85547,0.85198,0.64256,0.6462,0.0069284,0.0,2.29e-06,5e-06,9.409e-21,3.1,3.1
103.4,0.0089568,0.0012984,0.0064551,0.70661,0.76415,0.64907,0.13324,0.72898,0.72921,0.72874,0.45019,0.059871,0.35242,0.84924,0.85518,0.852,0.64235,0.6476000000000001,0.0064551,0.0,2.32e-06,5e-06,9.377e-21,3.1,3.1
103.5,0.0082065,0.0011915,0.0059207,0.70726,0.76405,0.65048,0.13327,0.73015,0.73038,0.72991,0.41004,0.054712,0.32102,0.8495,0.85489,0.85202,0.64213,0.649,0.0059207,0.0,2.35e-06,5e-06,9.345e-21,3.1,3.1
103.6,0.0074424,0.0010831,0.0053756,0.70787,0.7639,0.65183,0.13327,0.73125,0.73148,0.73103,0.36989,0.049552,0.28962,0.84975,0.8546,0.85204,0.64191,0.6504,0.0053756,0.0,2.38e-06,5e-06,9.313e-21,3.1,3.1
103.7,0.006667,0.00097342,0.004821,0.70843,0.76372,0.65315,0.13323,0.73233,0.73255,0.73211,0.32974,0.044392,0.25822,0.85,0.85431,0.85206,0.64169,0.6518,0.004821,0.0,2.41e-06,5e-06,9.282e-21,3.1,3.1
103.8,0.0058805,0.00086218,0.0042563,0.70896,0.76349,0.65442,0.13316,0.73335,0.73356,0.73313,0.28958,0.039233,0.22682,0.85026,0.85369,0.85195,0.64147,0.6532,0.0042563,0.0,2.45e-06,5e-06,9.23e-21,3.1,3.1
103.9,0.0099545,0.00095315,0.0071876,0.70944,0.76323,0.65566,0.13304,0.73432,0.73454,0.73411,0.48837,0.043297,0.38128,0.85052,0.85308,0.85184,0.64124,0.6546000000000001,0.0071876,0.0,2.5e-06,5e-06,9.149e-21,3.1,3.1
104.0,0.010784,0.0010636,0.0077953,0.70989,0.76293,0.65686,0.1329,0.73526,0.73546,0.73506,0.52733,0.048256,0.41183,0.85078,0.85246,0.85172,0.64101,0.656,0.0077953,0.0,2.55e-06,5e-06,9.07e-21,3.1,3.1
104.1,0.011614,0.0011737,0.008404,0.71031,0.76259,0.65804,0.13272,0.73616,0.73635,0.73596,0.56629,0.053215,0.44238,0.85104,0.85184,0.85161,0.64078,0.6579999999999999,0.008404,0.0,2.61e-06,5e-06,8.993e-21,3.1,3.1
104.2,0.012443,0.0012835,0.009013,0.7107,0.76222,0.65918,0.13251,0.73701,0.7372,0.73682,0.60526,0.058174,0.47292,0.85131,0.85121,0.8515,0.64055,0.6600000000000001,0.009013,0.0,2.66e-06,5e-06,8.917e-21,3.1,3.1
104.3,0.013272,0.0013929,0.0096221,0.71105,0.76181,0.66029,0.13228,0.73783,0.73802,0.73764,0.64422,0.063132,0.50347,0.85158,0.85059,0.85139,0.64032,0.6619999999999999,0.0096221,0.0,2.72e-06,5e-06,8.844e-21,3.1,3.1
104.4,0.0141,0.0015018,0.010232,0.71138,0.76137,0.66139,0.13204,0.73862,0.7388,0.73843,0.68318,0.068091,0.53402,0.85185,0.84996,0.85127,0.64008,0.6640000000000001,0.010232,0.0,2.77e-06,5e-06,8.772e-21,3.1,3.1
104.5,0.014568,0.0015831,0.010582,0.71168,0.7609,0.66245,0.13179,0.73937,0.73955,0.73919,0.70484,0.071823,0.55108,0.85212,0.84933,0.85116,0.63984,0.666,0.010582,0.0,2.83e-06,5e-06,8.702e-21,3.1,3.1
104.6,0.014881,0.0016524,0.010821,0.71195,0.7604,0.6635,0.13152,0.74009,0.74027,0.73992,0.71908,0.07503,0.56236,0.85239,0.8487,0.85105,0.6396,0.6679999999999999,0.010821,0.0,2.89e-06,5e-06,8.634e-21,3.1,3.1
104.7,0.015192,0.0017212,0.011059,0.7122,0.75987,0.66454,0.13126,0.74079,0.74096,0.74062,0.73332,0.078236,0.57365,0.85266,0.84808,0.85094,0.63935,0.6700000000000002,0.011059,0.0,2.95e-06,5e-06,8.568e-21,3.1,3.1
104.8,0.015503,0.0017896,0.011296,0.71243,0.75931,0.66555,0.131,0.74147,0.74162,0.7413,0.74756,0.081442,0.58493,0.85293,0.84745,0.85083,0.63911,0.6719999999999999,0.011296,0.0,3e-06,5e-06,8.534e-21,3.1,3.1
104.9,0.015812,0.0018578,0.011533,0.71264,0.75873,0.66656,0.13074,0.74211,0.74227,0.74194,0.7618,0.084648,0.59621,0.8532,0.84682,0.85072,0.63886,0.6740000000000002,0.011533,0.0,3.04e-06,5e-06,8.521e-21,3.1,3.1
105.0,0.016059,0.0019187,0.011726,0.71284,0.75812,0.66756,0.13049,0.74273,0.74289,0.74257,0.77309,0.087539,0.60519,0.85347,0.84619,0.8506,0.63861,0.676,0.011726,0.0,3.07e-06,5e-06,8.509e-21,3.1,3.1
105.1,0.015754,0.0019174,0.011516,0.71302,0.75748,0.66855,0.13026,0.74333,0.74349,0.74318,0.75777,0.087593,0.59335,0.85374,0.84557,0.85049,0.63836,0.6771999999999999,0.011516,0.0,3.11e-06,5e-06,8.497e-21,3.1,3.1
105.2,0.01545,0.0019161,0.011306,0.71318,0.75683,0.66954,0.13006,0.74392,0.74407,0.74377,0.74246,0.087647,0.58152,0.85401,0.84494,0.85038,0.6381,0.6784000000000001,0.011306,0.0,3.15e-06,5e-06,8.485e-21,3.1,3.1
105.3,0.015147,0.0019151,0.011096,0.71334,0.75615,0.67052,0.12987,0.74449,0.74464,0.74435,0.72714,0.087701,0.56968,0.85428,0.84431,0.85027,0.63785,0.6796,0.011096,0.0,3.19e-06,5e-06,8.474e-21,3.1,3.1
105.4,0.014848,0.0019145,0.010889,0.71348,0.75545,0.67151,0.12972,0.74504,0.74519,0.74491,0.71183,0.087755,0.55785,0.8547,0.84375,0.85028,0.63759,0.6808000000000001,0.010889,0.0,3.22e-06,5e-06,8.464e-21,3.1,3.1
105.5,0.014551,0.001914,0.010683,0.71362,0.75474,0.6725,0.1296,0.7456,0.74572,0.74546,0.69652,0.087809,0.54601,0.85512,0.84319,0.85028,0.63733,0.6819999999999999,0.010683,0.0,3.26e-06,5e-06,8.454e-21,3.1,3.1
105.6,0.013938,0.0018644,0.010238,0.71303,0.7536,0.67246,0.12949,0.74534,0.74547,0.74521,0.66887,0.085907,0.52448,0.85554,0.84264,0.85029,0.63706,0.6831999999999999,0.010238,0.0,3.3e-06,5e-06,8.445e-21,3.1,3.1
105.7,0.013157,0.001787,0.0096706,0.71243,0.75245,0.67241,0.12941,0.74506,0.7452,0.74494,0.63301,0.0827,0.49649,0.85596,0.84208,0.85029,0.6368,0.6844,0.0096706,0.0,3.34e-06,5e-06,8.436e-21,3.1,3.1
105.8,0.012381,0.0017103,0.0091054,0.71181,0.75126,0.67235,0.12935,0.74478,0.74491,0.74465,0.59714,0.079493,0.46849,0.85638,0.84152,0.8503,0.63653,0.6856,0.0091054,0.0,3.38e-06,5e-06,8.427e-21,3.1,3.1
105.9,0.011609,0.0016342,0.008543,0.71117,0.75006,0.67228,0.12929,0.74447,0.7446,0.74435,0.56128,0.076286,0.44049,0.85679,0.84096,0.8503,0.63626,0.6868000000000001,0.008543,0.0,3.43e-06,5e-06,8.412e-21,3.1,3.1
106.0,0.01084,0.0015586,0.0079826,0.71051,0.74882,0.6722,0.12925,0.74415,0.74427,0.74403,0.52541,0.073079,0.4125,0.85721,0.8404,0.85031,0.63599,0.688,0.0079826,0.0,3.5e-06,5e-06,8.366e-21,3.1,3.1
106.1,0.010074,0.0014835,0.0074242,0.70984,0.74757,0.67212,0.12921,0.74381,0.74393,0.74369,0.48955,0.069872,0.3845,0.85763,0.83984,0.85032,0.63572,0.6890999999999999,0.0074242,0.0,3.57e-06,5e-06,8.322e-21,3.1,3.1
106.2,0.0092085,0.0013705,0.0067904,0.70916,0.74629,0.67202,0.12917,0.74346,0.74357,0.74335,0.44867,0.064843,0.35247,0.85805,0.83929,0.85032,0.63544,0.6901999999999999,0.0067904,0.0,3.64e-06,5e-06,8.278e-21,3.1,3.1
106.3,0.0083464,0.0012583,0.0061586,0.70846,0.74499,0.67193,0.12912,0.74309,0.7432,0.74298,0.4078,0.059813,0.32045,0.85847,0.83873,0.85033,0.63517,0.6912999999999999,0.0061586,0.0,3.71e-06,5e-06,8.236e-21,3.1,3.1
106.4,0.0074877,0.0011469,0.0055291,0.70774,0.74366,0.67182,0.12907,0.7427,0.74282,0.7426,0.36692,0.054784,0.28842,0.85889,0.83817,0.85033,0.63489,0.6924,0.0055291,0.0,3.78e-06,5e-06,8.196e-21,3.1,3.1
106.5,0.0066347,0.0010366,0.0049031,0.70705,0.74234,0.67175,0.12901,0.74235,0.74245,0.74225,0.32604,0.049754,0.25639,0.85931,0.83761,0.85034,0.63461,0.6935,0.0049031,0.0,3.86e-06,5e-06,8.156e-21,3.1,3.1
106.6,0.0057847,0.0009273,0.0042793,0.70634,0.74101,0.67168,0.12893,0.74198,0.74208,0.74187,0.28517,0.044725,0.22436,0.85967,0.83721,0.85038,0.63432,0.6945999999999999,0.0042793,0.0,3.94e-06,5e-06,8.118e-21,3.1,3.1
106.7,0.010148,0.0010918,0.0074798,0.70562,0.73965,0.6716,0.12883,0.7416,0.74169,0.7415,0.50192,0.052928,0.39325,0.86003,0.83681,0.85042,0.63404,0.6957,0.0074798,0.0,4.01e-06,5e-06,8.081e-21,3.1,3.1
106.8,0.010879,0.0012084,0.0080267,0.7049,0.73827,0.67152,0.12871,0.7412,0.7413,0.74111,0.54007,0.058894,0.42329,0.86039,0.83642,0.85047,0.63375,0.6968,0.0080267,0.0,4.09e-06,5e-06,8.046e-21,3.1,3.1
106.9,0.011603,0.0013234,0.0085676,0.70416,0.73687,0.67144,0.12856,0.74079,0.74089,0.7407,0.57821,0.06486,0.45333,0.86075,0.83602,0.85051,0.63346,0.6979,0.0085676,0.0,4.18e-06,5e-06,8.012e-21,3.1,3.1
107.0,0.012317,0.0014367,0.0091036,0.70341,0.73545,0.67137,0.12838,0.74038,0.74047,0.7403,0.61636,0.070827,0.48336,0.86111,0.83573,0.85059,0.63317,0.699,0.0091036,0.0,4.26e-06,5e-06,7.979e-21,3.1,3.1
107.1,0.01302,0.0015482,0.0096318,0.70265,0.73401,0.67129,0.12817,0.73996,0.74004,0.73987,0.6545,0.076793,0.5134,0.86147,0.83544,0.85068,0.63288,0.6996999999999999,0.0096318,0.0,4.35e-06,5e-06,7.944e-21,3.1,3.1
107.2,0.013712,0.0016575,0.010153,0.70188,0.73254,0.67122,0.12792,0.73952,0.7396,0.73944,0.69265,0.082759,0.54344,0.86184,0.83515,0.85076,0.63259,0.7004,0.010153,0.0,4.44e-06,5e-06,7.909e-21,3.1,3.1
107.3,0.014117,0.0017405,0.010463,0.7011,0.73106,0.67115,0.12764,0.73908,0.73916,0.73901,0.71676,0.087492,0.5625,0.8622,0.83486,0.85085,0.63229,0.7011,0.010463,0.0,4.53e-06,5e-06,7.876e-21,3.1,3.1
107.4,0.014332,0.0018055,0.010633,0.70032,0.72956,0.67108,0.12735,0.73864,0.73871,0.73856,0.73151,0.091401,0.57426,0.86256,0.83457,0.85094,0.63199,0.7018,0.010633,0.0,4.63e-06,5e-06,7.844e-21,3.1,3.1
107.5,0.014542,0.0018693,0.010799,0.69953,0.72803,0.67102,0.12704,0.73818,0.73825,0.73811,0.74626,0.09531,0.58601,0.86292,0.83428,0.85102,0.63169,0.7024999999999999,0.010799,0.0,4.73e-06,5e-06,7.814e-21,3.1,3.1
107.6,0.014748,0.001932,0.010964,0.69873,0.72649,0.67097,0.12674,0.73772,0.73779,0.73765,0.76101,0.09922,0.59777,0.86329,0.834,0.85111,0.63139,0.7031999999999999,0.010964,0.0,4.83e-06,5e-06,7.785e-21,3.1,3.1
107.7,0.014952,0.0019936,0.011128,0.69792,0.72493,0.67092,0.12645,0.73725,0.73731,0.73718,0.77576,0.10313,0.60952,0.86365,0.83371,0.85119,0.63109,0.7039,0.011128,0.0,4.93e-06,5e-06,7.757e-21,3.1,3.1
107.8,0.015156,0.0020545,0.011291,0.69711,0.72335,0.67088,0.12617,0.73678,0.73684,0.73672,0.79051,0.10704,0.62128,0.86401,0.83342,0.85128,0.63078,0.7045999999999999,0.011291,0.0,5.03e-06,5e-06,7.731e-21,3.1,3.1
107.9,0.014888,0.0020486,0.011099,0.69609,0.72182,0.67035,0.12593,0.73601,0.73606,0.73595,0.78169,0.1076,0.6145,0.86437,0.83313,0.85136,0.63047,0.7053,0.011099,0.0,5.14e-06,5e-06,7.705e-21,3.1,3.1
108.0,0.014513,0.0020273,0.010826,0.69503,0.72029,0.66978,0.12572,0.73521,0.73526,0.73515,0.76698,0.10732,0.60309,0.86474,0.83284,0.85145,0.63016,0.706,0.010826,0.0,5.25e-06,5e-06,7.681e-21,3.1,3.1
108.1,0.014148,0.0020068,0.01056,0.69397,0.71874,0.6692,0.12557,0.7344,0.73445,0.73435,0.75226,0.10704,0.59169,0.8651,0.83255,0.85153,0.62985,0.7067999999999999,0.01056,0.0,5.36e-06,5e-06,7.659e-21,3.1,3.1
108.2,0.01379,0.0019876,0.0103,0.6929,0.71718,0.66862,0.12547,0.73357,0.73363,0.73352,0.73755,0.10676,0.58028,0.86541,0.83238,0.85163,0.62954,0.7076,0.0103,0.0,5.47e-06,5e-06,7.638e-21,3.1,3.1
108.3,0.013443,0.0019695,0.010049,0.69182,0.7156,0.66804,0.12543,0.73275,0.73281,0.73269,0.72283,0.10648,0.56887,0.86572,0.83222,0.85174,0.62923,0.7083999999999999,0.010049,0.0,5.59e-06,5e-06,7.618e-21,3.1,3.1
108.4,0.013106,0.0019525,0.0098046,0.69073,0.71401,0.66745,0.12548,0.73191,0.73196,0.73186,0.70812,0.1062,0.55746,0.86603,0.83205,0.85184,0.62891,0.7092,0.0098046,0.0,5.69e-06,5e-06,7.606e-21,3.1,3.1
108.5,0.012428,0.0018711,0.0093038,0.68963,0.7124,0.66687,0.1256,0.73108,0.73112,0.73103,0.67429,0.10233,0.53095,0.86635,0.83189,0.85195,0.62859,0.71,0.0093038,0.0,5.8e-06,5e-06,7.6e-21,3.1,3.1
108.6,0.011721,0.0017842,0.0087811,0.68852,0.71077,0.66628,0.12579,0.73023,0.73027,0.73018,0.63834,0.098062,0.50276,0.86666,0.83172,0.85205,0.62827,0.7107999999999999,0.0087811,0.0,5.9e-06,5e-06,7.594e-21,3.1,3.1
108.7,0.011025,0.0016987,0.0082654,0.68741,0.70913,0.66569,0.12604,0.72937,0.7294,0.72932,0.60239,0.093795,0.47457,0.86697,0.83156,0.85216,0.62795,0.7116,0.0082654,0.0,6.01e-06,5e-06,7.59e-21,3.1,3.1
108.8,0.010336,0.0016147,0.0077554,0.68628,0.70747,0.6651,0.12634,0.7285,0.72854,0.72845,0.56644,0.089528,0.44637,0.86728,0.83139,0.85226,0.62763,0.7123999999999999,0.0077554,0.0,6.12e-06,5e-06,7.586e-21,3.1,3.1
108.9,0.0096543,0.0015317,0.0072508,0.68515,0.70579,0.66451,0.12669,0.72762,0.72766,0.72759,0.53049,0.085261,0.41818,0.86759,0.83123,0.85237,0.6273,0.7132000000000001,0.0072508,0.0,6.24e-06,5e-06,7.584e-21,3.1,3.1
109.0,0.0089728,0.001447,0.0067447,0.68401,0.7041,0.66391,0.12709,0.72674,0.72677,0.7267,0.49421,0.080843,0.38972,0.8679,0.83106,0.85247,0.62698,0.714,0.0067447,0.0,6.35e-06,5e-06,7.582e-21,3.1,3.1
109.1,0.0082423,0.0013391,0.0062002,0.68286,0.70239,0.66332,0.12751,0.72585,0.72588,0.72581,0.45496,0.075076,0.35884,0.86822,0.8309,0.85258,0.62665,0.7146999999999999,0.0062002,0.0,6.47e-06,5e-06,7.581e-21,3.1,3.1
109.2,0.0075159,0.0012321,0.0056584,0.6817,0.70067,0.66273,0.12796,0.72495,0.72498,0.72492,0.41571,0.069309,0.32796,0.86853,0.83073,0.85268,0.62632,0.7154,0.0056584,0.0,6.59e-06,5e-06,7.582e-21,3.1,3.1
109.3,0.0067932,0.0011259,0.0051186,0.68053,0.69893,0.66213,0.12844,0.72405,0.72408,0.72402,0.37647,0.063542,0.29707,0.86884,0.83057,0.85279,0.62599,0.7161,0.0051186,0.0,6.71e-06,5e-06,7.583e-21,3.1,3.1
109.4,0.0060732,0.0010203,0.0045804,0.67936,0.69717,0.66154,0.12892,0.72313,0.72316,0.72311,0.33722,0.057776,0.26619,0.86915,0.8304,0.85289,0.62566,0.7168,0.0045804,0.0,6.84e-06,5e-06,7.586e-21,3.1,3.1
109.5,0.0053549,0.00091557,0.0040435,0.67817,0.6954,0.66095,0.12941,0.72222,0.72224,0.7222,0.29798,0.052009,0.23531,0.86927,0.83037,0.85294,0.62532,0.7175,0.0040435,0.0,6.97e-06,5e-06,7.59e-21,3.1,3.1
109.6,0.0088974,0.0011533,0.006697,0.67698,0.69361,0.66036,0.12989,0.7213,0.72132,0.72127,0.49621,0.065724,0.39031,0.8694,0.83035,0.85299,0.62499,0.7182,0.006697,0.0,7.1e-06,5e-06,7.594e-21,3.1,3.1
109.7,0.0095379,0.0012441,0.007186,0.67579,0.69181,0.65976,0.13037,0.72037,0.72039,0.72035,0.53319,0.071137,0.41946,0.86952,0.83032,0.85305,0.62465,0.7189,0.007186,0.0,7.23e-06,5e-06,7.6e-21,3.1,3.1
109.8,0.010173,0.0013339,0.0076715,0.67458,0.68999,0.65917,0.13083,0.71942,0.71945,0.7194,0.57017,0.076549,0.44861,0.86964,0.83029,0.8531,0.62431,0.7195999999999999,0.0076715,0.0,7.37e-06,5e-06,7.607e-21,3.1,3.1
109.9,0.010804,0.0014232,0.0081564,0.67337,0.68816,0.65859,0.13127,0.71848,0.71849,0.71847,0.60715,0.081962,0.47776,0.86989,0.83059,0.85337,0.62397,0.7203,0.0081564,0.0,7.5e-06,5e-06,7.617e-21,3.1,3.1
110.0,0.011428,0.0015115,0.0086367,0.67215,0.68631,0.658,0.13167,0.71753,0.71754,0.71752,0.64414,0.087374,0.50691,0.87014,0.8309,0.85363,0.62363,0.721,0.0086367,0.0,7.64e-06,5e-06,7.628e-21,3.1,3.1
110.1,0.012046,0.0015986,0.0091126,0.67094,0.68445,0.65742,0.13204,0.71659,0.71659,0.71657,0.68112,0.092787,0.53606,0.87039,0.8312,0.8539,0.62329,0.7218999999999999,0.0091126,0.0,7.78e-06,5e-06,7.64e-21,3.1,3.1
110.2,0.012655,0.0016846,0.0095837,0.66972,0.68259,0.65684,0.13238,0.71563,0.71564,0.71562,0.7181,0.098199,0.56521,0.87064,0.83151,0.85417,0.62294,0.7228,0.0095837,0.0,7.93e-06,5e-06,7.654e-21,3.1,3.1
110.3,0.012859,0.0017076,0.009748,0.66849,0.68071,0.65627,0.13269,0.71468,0.71468,0.71467,0.73242,0.1,0.5765,0.87089,0.83181,0.85443,0.6226,0.7236999999999999,0.009748,0.0,8.07e-06,5e-06,7.668e-21,3.1,3.1
110.4,0.013056,0.0017297,0.0099084,0.66725,0.67881,0.6557,0.13296,0.71371,0.71371,0.71371,0.74673,0.10181,0.58779,0.87114,0.83212,0.8547,0.62225,0.7246,0.0099084,0.0,8.22e-06,5e-06,7.684e-21,3.1,3.1
110.5,0.013248,0.0017512,0.010065,0.66601,0.6769,0.65513,0.13321,0.71274,0.71274,0.71274,0.76105,0.10361,0.59908,0.8714,0.83242,0.85497,0.6219,0.7255,0.010065,0.0,8.38e-06,5e-06,7.701e-21,3.1,3.1
110.6,0.013436,0.0017719,0.010218,0.66477,0.67497,0.65456,0.13343,0.71177,0.71176,0.71177,0.77537,0.10542,0.61037,0.87165,0.83273,0.85524,0.62155,0.7263999999999999,0.010218,0.0,8.53e-06,5e-06,7.718e-21,3.1,3.1
110.7,0.013617,0.0017919,0.010368,0.66352,0.67303,0.654,0.13362,0.71079,0.71079,0.7108,0.78968,0.10722,0.62166,0.8719,0.83303,0.8555,0.6212,0.7273000000000001,0.010368,0.0,8.69e-06,5e-06,7.738e-21,3.1,3.1
110.8,0.013793,0.001811,0.010513,0.66226,0.67108,0.65344,0.13378,0.70981,0.7098,0.70981,0.804,0.10903,0.63295,0.87215,0.83334,0.85577,0.62084,0.7282,0.010513,0.0,8.86e-06,5e-06,7.758e-21,3.1,3.1
110.9,0.013526,0.0017639,0.010321,0.661,0.66911,0.65289,0.13392,0.70881,0.70881,0.70883,0.79265,0.10686,0.624,0.8724,0.83364,0.85604,0.62049,0.7291000000000001,0.010321,0.0,9.02e-06,5e-06,7.779e-21,3.1,3.1
111.0,0.01321,0.0017096,0.01009,0.65973,0.66713,0.65234,0.13403,0.70783,0.70781,0.70783,0.77845,0.10426,0.6128,0.87265,0.83395,0.8563,0.62013,0.73,0.01009,0.0,9.2e-06,5e-06,7.802e-21,3.1,3.1
111.1,0.012895,0.0016556,0.0098601,0.65846,0.66513,0.65179,0.13412,0.70683,0.70681,0.70684,0.76425,0.10165,0.6016,0.8729,0.83425,0.85657,0.61977,0.7307999999999999,0.0098601,0.0,9.37e-06,5e-06,7.826e-21,3.1,3.1
111.2,0.01258,0.0016027,0.0096317,0.65719,0.66312,0.65125,0.13419,0.70583,0.70581,0.70584,0.75006,0.099046,0.59041,0.87312,0.83494,0.85699,0.61941,0.7316,0.0096317,0.0,9.55e-06,5e-06,7.851e-21,3.1,3.1
111.3,0.012265,0.0015501,0.0094032,0.65591,0.6611,0.65071,0.13424,0.70482,0.7048,0.70483,0.73586,0.09644,0.57921,0.87335,0.83564,0.85741,0.61905,0.7323999999999999,0.0094032,0.0,9.73e-06,5e-06,7.878e-21,3.1,3.1
111.4,0.011952,0.0014977,0.0091757,0.65462,0.65906,0.65018,0.13427,0.70381,0.70378,0.70383,0.72166,0.093834,0.56801,0.87357,0.83633,0.85783,0.61869,0.7332000000000001,0.0091757,0.0,9.92e-06,5e-06,7.905e-21,3.1,3.1
111.5,0.011405,0.001417,0.0087681,0.65334,0.65702,0.64966,0.13428,0.70279,0.70277,0.70283,0.69315,0.089412,0.54555,0.8738,0.83702,0.85824,0.61833,0.734,0.0087681,0.0,1.01e-05,5e-06,7.939e-21,3.1,3.1
111.6,0.010763,0.0013249,0.0082853,0.65205,0.65495,0.64914,0.13427,0.70178,0.70175,0.70181,0.65852,0.084212,0.51826,0.87402,0.83772,0.85866,0.61796,0.7347999999999999,0.0082853,0.0,1.03e-05,5e-06,7.976e-21,3.1,3.1
111.7,0.010127,0.0012338,0.0078064,0.65075,0.65288,0.64862,0.13425,0.70076,0.70073,0.70079,0.62388,0.079012,0.49097,0.87424,0.83841,0.85908,0.6176,0.7356,0.0078064,0.0,1.04e-05,5e-06,8.014e-21,3.1,3.1
111.8,0.0094977,0.0011438,0.0073316,0.64945,0.65079,0.64811,0.13421,0.69974,0.6997,0.69977,0.58925,0.073812,0.46368,0.87447,0.8391,0.8595,0.61723,0.7363999999999999,0.0073316,0.0,1.06e-05,5e-06,8.054e-21,3.1,3.1
111.9,0.0088757,0.001055,0.0068611,0.64816,0.6487,0.64761,0.13415,0.69871,0.69868,0.69875,0.55461,0.068612,0.43639,0.87469,0.8398,0.85992,0.61686,0.7372000000000001,0.0068611,0.0,1.08e-05,5e-06,8.095e-21,3.1,3.1
112.0,0.0082611,0.00096722,0.0063947,0.64685,0.64659,0.64712,0.13408,0.69769,0.69764,0.69772,0.51997,0.063412,0.4091,0.87492,0.84049,0.86034,0.61649,0.738,0.0063947,0.0,1.1e-05,5e-06,8.138e-21,3.1,3.1
112.1,0.007624,0.0008832,0.00591,0.64555,0.64447,0.64663,0.134,0.69666,0.69661,0.69669,0.48345,0.058376,0.38034,0.87514,0.84118,0.86076,0.61612,0.7383,0.00591,0.0,1.12e-05,5e-06,8.182e-21,3.1,3.1
112.2,0.006975,0.00080201,0.0054151,0.64425,0.64234,0.64615,0.1339,0.69562,0.69558,0.69566,0.44566,0.053449,0.3506,0.87536,0.84188,0.86118,0.61575,0.7386,0.0054151,0.0,1.14e-05,5e-06,8.227e-21,3.1,3.1
112.3,0.0063348,0.00072195,0.0049256,0.64294,0.6402,0.64568,0.13378,0.69459,0.69454,0.69464,0.40788,0.048523,0.32086,0.87559,0.84257,0.86159,0.61538,0.7389,0.0049256,0.0,1.16e-05,5e-06,8.274e-21,3.1,3.1
112.4,0.0057028,0.00064307,0.004441,0.64163,0.63805,0.64521,0.13366,0.69354,0.69349,0.6936,0.37009,0.043596,0.29112,0.87581,0.84326,0.86201,0.615,0.7392,0.004441,0.0,1.18e-05,5e-06,8.322e-21,3.1,3.1
112.5,0.0050802,0.00056546,0.003962,0.64032,0.63589,0.64476,0.13352,0.69251,0.69246,0.69256,0.33231,0.03867,0.26138,0.87604,0.84396,0.86243,0.61463,0.7395,0.003962,0.0,1.2e-05,5e-06,8.373e-21,3.1,3.1
112.6,0.0044663,0.00048905,0.0034886,0.63901,0.63372,0.64431,0.13336,0.69147,0.69142,0.69153,0.29452,0.033743,0.23164,0.87626,0.84465,0.86285,0.61425,0.7398,0.0034886,0.0,1.22e-05,5e-06,8.424e-21,3.1,3.1
112.7,0.0075762,0.00075267,0.0059227,0.63771,0.63154,0.64387,0.13319,0.69044,0.69037,0.69049,0.5036,0.0524,0.39582,0.87662,0.84542,0.86338,0.61387,0.7401,0.0059227,0.0,1.25e-05,5e-06,8.478e-21,3.1,3.1
112.8,0.0080758,0.00079625,0.0063204,0.63702,0.63029,0.64375,0.13301,0.68988,0.68981,0.68994,0.53955,0.055739,0.42407,0.87697,0.8462,0.86391,0.61349,0.7404,0.0063204,0.0,1.27e-05,5e-06,8.533e-21,3.1,3.1
112.9,0.0085708,0.00084359,0.0067287,0.63641,0.62914,0.64368,0.13281,0.68938,0.68932,0.68944,0.5755,0.059077,0.45232,0.87716,0.85097,0.86605,0.61311,0.7407,0.0067287,0.0,1.29e-05,5e-06,8.59e-21,3.1,3.1
113.0,0.0090602,0.00089077,0.007135,0.6358,0.62799,0.64361,0.13261,0.68889,0.68883,0.68895,0.61144,0.062416,0.48057,0.87736,0.85574,0.86819,0.61273,0.741,0.007135,0.0,1.32e-05,5e-06,8.649e-21,3.1,3.1
113.1,0.0095435,0.00093773,0.0075389,0.63519,0.62684,0.64355,0.13239,0.6884,0.68833,0.68846,0.64739,0.065755,0.50882,0.87755,0.86052,0.87033,0.61235,0.7421,0.0075389,0.0,1.34e-05,5e-06,8.71e-21,3.1,3.1
113.2,0.010021,0.00098453,0.0079403,0.63459,0.62569,0.64349,0.13215,0.68791,0.68784,0.68797,0.68334,0.069094,0.53707,0.87774,0.86529,0.87246,0.61196,0.7432,0.0079403,0.0,1.37e-05,5e-06,8.773e-21,3.1,3.1
113.3,0.010491,0.0010311,0.0083395,0.63399,0.62454,0.64344,0.13191,0.68742,0.68735,0.68749,0.71929,0.072433,0.56532,0.87794,0.87006,0.8746,0.61158,0.7443,0.0083395,0.0,1.39e-05,5e-06,8.838e-21,3.1,3.1
113.4,0.010663,0.0010654,0.0085028,0.63339,0.6234,0.64339,0.13165,0.68693,0.68686,0.687,0.73502,0.074925,0.57776,0.87813,0.87483,0.87674,0.61119,0.7454000000000001,0.0085028,0.0,1.42e-05,5e-06,8.905e-21,3.1,3.1
113.5,0.010799,0.0010982,0.0086388,0.6328,0.62225,0.64335,0.13138,0.68644,0.68637,0.68651,0.74852,0.077322,0.58843,0.87832,0.8796,0.87888,0.61081,0.7464999999999999,0.0086388,0.0,1.44e-05,5e-06,8.99e-21,3.1,3.1
113.6,0.010932,0.0011307,0.0087737,0.63221,0.6211,0.64332,0.1311,0.68596,0.68588,0.68603,0.76201,0.07972,0.59911,0.87852,0.88438,0.88102,0.61042,0.7475999999999999,0.0087737,0.0,1.46e-05,5e-06,9.076e-21,3.1,3.1
113.7,0.011063,0.0011631,0.0089075,0.63162,0.61995,0.64329,0.13081,0.68548,0.68541,0.68556,0.7755,0.082118,0.60979,0.87871,0.88915,0.88316,0.61003,0.7487,0.0089075,0.0,1.48e-05,5e-06,9.165e-21,3.1,3.1
113.8,0.011191,0.0011952,0.0090391,0.63103,0.6188,0.64326,0.13051,0.685,0.68493,0.68507,0.78899,0.084515,0.62046,0.8789,0.89392,0.8853,0.60964,0.7498,0.0090391,0.0,1.5e-05,5e-06,9.257e-21,3.1,3.1
113.9,0.011317,0.0012272,0.0091706,0.63045,0.61766,0.64324,0.13021,0.68453,0.68445,0.68461,0.80249,0.086913,0.63114,0.8791,0.89869,0.88744,0.60925,0.7509,0.0091706,0.0,1.51e-05,5e-06,9.352e-21,3.1,3.1
114.0,0.011326,0.0012536,0.0092076,0.62987,0.61652,0.64323,0.1299,0.68405,0.68397,0.68414,0.80779,0.088939,0.63541,0.87929,0.90346,0.88957,0.60886,0.752,0.0092076,0.0,1.53e-05,5e-06,9.45e-21,3.1,3.1
114.1,0.011068,0.0012678,0.0090277,0.6293,0.61537,0.64323,0.12958,0.68359,0.6835,0.68366,0.794,0.090099,0.62473,0.87948,0.90824,0.89171,0.60846,0.7510000000000001,0.0090277,0.0,1.56e-05,5e-06,9.55e-21,3.1,3.1
114.2,0.010812,0.0012818,0.008849,0.62873,0.61423,0.64322,0.12926,0.68312,0.68303,0.6832,0.7802,0.091259,0.61405,0.87968,0.91301,0.89385,0.60807,0.75,0.008849,0.0,1.58e-05,5e-06,9.652e-21,3.1,3.1
114.3,0.010559,0.0012957,0.0086709,0.62816,0.6131,0.64323,0.12894,0.68265,0.68256,0.68273,0.76641,0.09242,0.60337,0.87987,0.91778,0.89599,0.60767,0.749,0.0086709,0.0,1.6e-05,5e-06,9.758e-21,3.1,3.1
114.4,0.010308,0.0013085,0.0084889,0.6276,0.61196,0.64324,0.12862,0.68219,0.6821,0.68227,0.75262,0.09358,0.59269,0.88007,0.92176,0.89761,0.60728,0.7479999999999999,0.0084889,0.0,1.62e-05,5e-06,9.867e-21,3.1,3.1
114.5,0.01006,0.0013211,0.0083082,0.62704,0.61082,0.64326,0.1283,0.68173,0.68164,0.68181,0.73882,0.09474,0.58201,0.88027,0.92573,0.89922,0.60688,0.747,0.0083082,0.0,1.64e-05,5e-06,9.979e-21,3.1,3.1
114.6,0.0098154,0.0013336,0.008129,0.62649,0.60969,0.64329,0.12798,0.68127,0.68118,0.68136,0.72503,0.0959,0.57134,0.88048,0.92971,0.90084,0.60648,0.7460000000000001,0.008129,0.0,1.67e-05,5e-06,1.009e-20,3.1,3.1
114.7,0.0093724,0.0013203,0.0077851,0.62594,0.60856,0.64332,0.12767,0.68081,0.68073,0.68091,0.69633,0.095198,0.54895,0.88068,0.93368,0.90245,0.60608,0.745,0.0077851,0.0,1.69e-05,5e-06,1.021e-20,3.1,3.1
114.8,0.0088854,0.0013006,0.0074021,0.6254,0.60744,0.64335,0.12736,0.68037,0.68027,0.68046,0.6639,0.094031,0.52364,0.88088,0.93766,0.90407,0.60568,0.744,0.0074021,0.0,1.72e-05,5e-06,1.033e-20,3.1,3.1
114.9,0.0084036,0.0012811,0.0070222,0.62486,0.60632,0.6434,0.12705,0.67992,0.67983,0.68002,0.63147,0.092864,0.49833,0.88108,0.94163,0.90568,0.60528,0.7429999999999999,0.0070222,0.0,1.74e-05,5e-06,1.046e-20,3.1,3.1
115.0,0.0079276,0.0012617,0.006645,0.62432,0.6052,0.64345,0.12675,0.67948,0.67938,0.67958,0.59904,0.091698,0.47301,0.88128,0.94561,0.9073,0.60488,0.742,0.006645,0.0,1.77e-05,5e-06,1.059e-20,3.1,3.1
115.1,0.0074609,0.001243,0.0062735,0.62387,0.60416,0.64359,0.12647,0.67912,0.67902,0.67922,0.56661,0.090531,0.4477,0.88148,0.94958,0.90891,0.60448,0.7435999999999999,0.0062735,0.0,1.79e-05,5e-06,1.072e-20,3.1,3.1
115.2,0.0069993,0.0012246,0.005904,0.62343,0.60312,0.64373,0.12619,0.67876,0.67866,0.67885,0.53418,0.089364,0.42239,0.88169,0.95356,0.91053,0.60408,0.7452000000000001,0.005904,0.0,1.82e-05,5e-06,1.086e-20,3.1,3.1
115.3,0.0065327,0.0011988,0.0055287,0.62299,0.60209,0.64388,0.12592,0.67841,0.6783,0.67851,0.50098,0.087655,0.39644,0.88189,0.95754,0.91215,0.60367,0.7467999999999999,0.0055287,0.0,1.86e-05,5e-06,1.1e-20,3.1,3.1
115.4,0.0060305,0.0011438,0.0051198,0.62255,0.60107,0.64404,0.12567,0.67805,0.67795,0.67815,0.46467,0.083781,0.36796,0.88209,0.96151,0.91376,0.60327,0.7484000000000001,0.0051198,0.0,1.89e-05,5e-06,1.113e-20,3.1,3.1
115.5,0.005534,0.001089,0.0047137,0.62213,0.60005,0.64421,0.12542,0.67771,0.6776,0.67781,0.42837,0.079907,0.33948,0.88229,0.96549,0.91538,0.60286,0.75,0.0047137,0.0,1.93e-05,5e-06,1.128e-20,3.1,3.1
115.6,0.0050422,0.0010346,0.0043096,0.62171,0.59903,0.64438,0.12519,0.67736,0.67726,0.67747,0.39207,0.076033,0.311,0.88249,0.96946,0.91699,0.60245,0.7515999999999999,0.0043096,0.0,1.97e-05,5e-06,1.143e-20,3.1,3.1
115.7,0.0045553,0.00098033,0.0039075,0.62129,0.59802,0.64456,0.12497,0.67702,0.67692,0.67713,0.35576,0.072159,0.28252,0.8827,0.97344,0.91861,0.60205,0.7532000000000001,0.0039075,0.0,2.01e-05,5e-06,1.158e-20,3.1,3.1
115.8,0.0040733,0.00092635,0.0035074,0.62088,0.59702,0.64474,0.12476,0.6767,0.67658,0.6768,0.31946,0.068285,0.25404,0.8829,0.97741,0.92022,0.60164,0.7547999999999999,0.0035074,0.0,2.05e-05,5e-06,1.174e-20,3.1,3.1
115.9,0.0035952,0.00087265,0.0031089,0.62048,0.59602,0.64494,0.12457,0.67636,0.67626,0.67647,0.28315,0.064411,0.22555,0.8831,0.98139,0.92184,0.60123,0.7564000000000001,0.0031089,0.0,2.09e-05,5e-06,1.191e-20,3.1,3.1
116.0,0.0065578,0.0013061,0.0056461,0.62009,0.59503,0.64514,0.12438,0.67604,0.67593,0.67615,0.51838,0.096918,0.41084,0.88359,0.98141,0.92215,0.60082,0.758,0.0056461,0.0,2.13e-05,5e-06,1.208e-20,3.1,3.1
116.1,0.0069573,0.0014565,0.0060024,0.6197,0.59405,0.64535,0.1242,0.67573,0.67561,0.67584,0.55212,0.10866,0.43814,0.88377,0.98123,0.9222,0.60041,0.7585999999999999,0.0060024,0.0,2.18e-05,5e-06,1.226e-20,3.1,3.1
116.2,0.0073539,0.0016054,0.006357,0.61932,0.59308,0.64557,0.12403,0.67541,0.67529,0.67553,0.58586,0.1204,0.46543,0.88395,0.98104,0.92224,0.6,0.7592,0.006357,0.0,2.23e-05,5e-06,1.245e-20,3.1,3.1
116.3,0.0077484,0.0017529,0.0067098,0.61895,0.59211,0.64579,0.12387,0.6751,0.67499,0.67522,0.6196,0.13214,0.49272,0.88414,0.98086,0.92229,0.59959,0.7598,0.0067098,0.0,2.27e-05,5e-06,1.264e-20,3.1,3.1
116.4,0.0081407,0.0018989,0.0070617,0.61858,0.59115,0.64602,0.12372,0.6748,0.67468,0.67493,0.65334,0.14388,0.52001,0.88432,0.98067,0.92233,0.59917,0.7604000000000001,0.0070617,0.0,2.33e-05,5e-06,1.284e-20,3.1,3.1
116.5,0.0085313,0.0020438,0.0074119,0.61823,0.59019,0.64626,0.12358,0.67451,0.67439,0.67463,0.68708,0.15562,0.5473,0.8845,0.98049,0.92237,0.59876,0.761,0.0074119,0.0,2.38e-05,5e-06,1.305e-20,3.1,3.1
116.6,0.0089197,0.0021872,0.0077611,0.61788,0.58925,0.64651,0.12344,0.67422,0.67409,0.67434,0.72082,0.16736,0.57459,0.88468,0.9803,0.92242,0.59835,0.7615999999999999,0.0077611,0.0,2.42e-05,5e-06,1.328e-20,3.1,3.1
116.7,0.0090974,0.0023027,0.0079314,0.61754,0.58831,0.64676,0.12332,0.67393,0.6738,0.67405,0.73765,0.17704,0.58871,0.88487,0.98012,0.92246,0.59793,0.7622,0.0079314,0.0,2.47e-05,5e-06,1.351e-20,3.1,3.1
116.8,0.0092229,0.0024106,0.008058,0.61721,0.58738,0.64703,0.1232,0.67365,0.67353,0.67378,0.75024,0.1862,0.59953,0.88505,0.97994,0.92251,0.59752,0.7628,0.008058,0.0,2.52e-05,5e-06,1.376e-20,3.1,3.1
116.9,0.009348,0.0025175,0.008184,0.61688,0.58646,0.6473,0.12309,0.67337,0.67324,0.6735,0.76284,0.19536,0.61036,0.88523,0.97975,0.92256,0.5971,0.7634000000000001,0.008184,0.0,2.57e-05,5e-06,1.402e-20,3.1,3.1
117.0,0.0094735,0.0026239,0.0083106,0.61657,0.58556,0.64758,0.12299,0.6731,0.67297,0.67324,0.77543,0.20453,0.62118,0.88542,0.97957,0.9226,0.59668,0.764,0.0083106,0.0,2.63e-05,5e-06,1.429e-20,3.1,3.1
117.1,0.009599,0.0027294,0.0084368,0.61626,0.58466,0.64786,0.12289,0.67284,0.67271,0.67297,0.78803,0.21369,0.63201,0.8856,0.97938,0.92264,0.59627,0.7652,0.0084368,0.0,2.68e-05,5e-06,1.457e-20,3.1,3.1
117.2,0.0097244,0.0028342,0.0085637,0.61596,0.58377,0.64816,0.1228,0.67258,0.67245,0.67272,0.80062,0.22285,0.64283,0.88578,0.9792,0.92269,0.59585,0.7664000000000001,0.0085637,0.0,2.74e-05,5e-06,1.486e-20,3.1,3.1
117.3,0.0098504,0.0029383,0.0086905,0.61567,0.58289,0.64846,0.12271,0.67234,0.6722,0.67247,0.81322,0.23201,0.65366,0.88596,0.97901,0.92274,0.59543,0.7676,0.0086905,0.0,2.8e-05,5e-06,1.516e-20,3.1,3.1
117.4,0.0096972,0.0029539,0.008572,0.6154,0.58202,0.64878,0.12263,0.67209,0.67195,0.67222,0.80273,0.23421,0.64599,0.88615,0.97883,0.92278,0.59501,0.7688,0.008572,0.0,2.87e-05,5e-06,1.549e-20,3.1,3.1
117.5,0.0095145,0.0029599,0.0084278,0.61513,0.58116,0.6491,0.12256,0.67185,0.67171,0.67199,0.78968,0.23564,0.63626,0.88633,0.97864,0.92282,0.59459,0.77,0.0084278,0.0,2.93e-05,5e-06,1.582e-20,3.1,3.1
117.6,0.0093336,0.002966,0.0082839,0.61487,0.58031,0.64942,0.12249,0.67162,0.67148,0.67175,0.77663,0.23706,0.62654,0.88651,0.97846,0.92287,0.59417,0.7712,0.0082839,0.0,3e-05,5e-06,1.618e-20,3.1,3.1
117.7,0.0091535,0.0029719,0.008141,0.61462,0.57948,0.64976,0.12242,0.67139,0.67126,0.67153,0.76357,0.23849,0.61681,0.88665,0.97815,0.92284,0.59375,0.7724000000000001,0.008141,0.0,3.08e-05,5e-06,1.655e-20,3.1,3.1
117.8,0.0089749,0.0029779,0.0079992,0.61438,0.57866,0.65011,0.12235,0.67117,0.67104,0.67132,0.75052,0.23992,0.60708,0.8868,0.97785,0.92281,0.59333,0.7736,0.0079992,0.0,3.15e-05,5e-06,1.694e-20,3.1,3.1
117.9,0.008798,0.0029839,0.0078578,0.61415,0.57785,0.65046,0.12229,0.67097,0.67083,0.67111,0.73747,0.24134,0.59736,0.88694,0.97754,0.92278,0.59291,0.7748,0.0078578,0.0,3.24e-05,5e-06,1.735e-20,3.1,3.1
118.0,0.0086217,0.0029898,0.0077174,0.61393,0.57705,0.65082,0.12222,0.67076,0.67061,0.67091,0.72442,0.24277,0.58763,0.88708,0.97724,0.92276,0.59248,0.776,0.0077174,0.0,3.32e-05,5e-06,1.779e-20,3.1,3.1
118.1,0.008253,0.0029036,0.0074005,0.61371,0.57627,0.65115,0.12215,0.67054,0.67039,0.67069,0.69513,0.2367,0.5645,0.88722,0.97693,0.92273,0.59206,0.7752000000000001,0.0074005,0.0,3.41e-05,5e-06,1.825e-20,3.1,3.1
118.2,0.0078605,0.0028072,0.0070604,0.6134,0.57553,0.65128,0.12208,0.67024,0.6701,0.67039,0.66404,0.2298,0.53989,0.88737,0.97662,0.9227,0.59164,0.7744,0.0070604,0.0,3.51e-05,5e-06,1.873e-20,3.1,3.1
118.3,0.0074705,0.0027114,0.0067221,0.6131,0.57479,0.65142,0.12201,0.66995,0.6698,0.6701,0.63296,0.2229,0.51527,0.88751,0.97632,0.92267,0.59122,0.7736000000000001,0.0067221,0.0,3.62e-05,5e-06,1.925e-20,3.1,3.1
118.4,0.0070826,0.0026162,0.0063849,0.61281,0.57406,0.65156,0.12193,0.66966,0.6695,0.6698,0.60187,0.216,0.49065,0.88765,0.97601,0.92264,0.59079,0.7727999999999999,0.0063849,0.0,3.73e-05,5e-06,1.98e-20,3.1,3.1
118.5,0.0066962,0.0025218,0.0060494,0.61252,0.57333,0.65171,0.12185,0.66936,0.66921,0.66951,0.57078,0.2091,0.46603,0.8878,0.97571,0.92261,0.59037,0.772,0.0060494,0.0,3.85e-05,5e-06,2.038e-20,3.1,3.1
118.6,0.0063125,0.0024281,0.0057155,0.61224,0.57261,0.65186,0.12176,0.66908,0.66892,0.66923,0.5397,0.2022,0.44142,0.88794,0.9754,0.92259,0.58994,0.7712000000000001,0.0057155,0.0,3.98e-05,5e-06,2.101e-20,3.1,3.1
118.7,0.0059307,0.0023351,0.0053829,0.61196,0.5719,0.65202,0.12166,0.6688,0.66864,0.66895,0.50861,0.1953,0.4168,0.88808,0.97509,0.92256,0.58952,0.7704,0.0053829,0.0,4.11e-05,5e-06,2.167e-20,3.1,3.1
118.8,0.0055143,0.0021928,0.0050125,0.61168,0.57119,0.65217,0.12156,0.66851,0.66836,0.66866,0.47441,0.18421,0.38916,0.88822,0.97479,0.92253,0.58909,0.7696000000000001,0.0050125,0.0,4.26e-05,5e-06,2.239e-20,3.1,3.1
118.9,0.0051007,0.0020515,0.0046442,0.61142,0.5705,0.65234,0.12144,0.66824,0.66808,0.66839,0.44021,0.17311,0.36152,0.88837,0.97448,0.9225,0.58866,0.7687999999999999,0.0046442,0.0,4.41e-05,5e-06,2.316e-20,3.1,3.1
119.0,0.0046889,0.0019113,0.0042774,0.61115,0.5698,0.65251,0.12132,0.66796,0.6678,0.66812,0.40601,0.16202,0.33389,0.88851,0.97417,0.92247,0.58824,0.768,0.0042774,0.0,4.58e-05,5e-06,2.399e-20,3.1,3.1
119.1,0.0042797,0.0017723,0.0039122,0.6109,0.56912,0.65268,0.12118,0.66769,0.66753,0.66785,0.3718,0.15092,0.30625,0.88865,0.97387,0.92244,0.58781,0.7681,0.0039122,0.0,4.76e-05,5e-06,2.488e-20,3.1,3.1
119.2,0.0038729,0.0016344,0.0035487,0.61065,0.56844,0.65285,0.12103,0.66743,0.66727,0.66758,0.3376,0.13983,0.27861,0.88879,0.97356,0.92242,0.58738,0.7682,0.0035487,0.0,4.94e-05,5e-06,2.586e-20,3.1,3.1
119.3,0.0034682,0.0014976,0.0031871,0.6104,0.56777,0.65303,0.12087,0.66716,0.667,0.66732,0.3034,0.12873,0.25097,0.88894,0.97326,0.92239,0.58696,0.7683,0.0031871,0.0,5.14e-05,5e-06,2.693e-20,3.1,3.1
119.4,0.0057301,0.0019523,0.0051662,0.61017,0.56711,0.65322,0.12069,0.6669,0.66673,0.66706,0.50307,0.16865,0.40809,0.88908,0.97295,0.92236,0.58653,0.7684,0.0051662,0.0,5.35e-05,5e-06,2.809e-20,3.1,3.1
119.5,0.0060739,0.0021064,0.0054857,0.60993,0.56646,0.65341,0.1205,0.66664,0.66648,0.6668,0.53513,0.18285,0.43467,0.88943,0.97269,0.92249,0.5861,0.7685,0.0054857,0.0,5.59e-05,5e-06,2.936e-20,3.1,3.1
119.6,0.006413,0.0022582,0.0058014,0.60971,0.56581,0.6536,0.12028,0.66639,0.66622,0.66655,0.56718,0.19705,0.46124,0.88955,0.97232,0.92242,0.58567,0.7686000000000001,0.0058014,0.0,5.85e-05,5e-06,3.076e-20,3.1,3.1
119.7,0.0067485,0.0024083,0.0061143,0.60949,0.56518,0.6538,0.12006,0.66614,0.66597,0.66631,0.59924,0.21125,0.48782,0.88966,0.97195,0.92234,0.58524,0.7687,0.0061143,0.0,6.13e-05,5e-06,3.232e-20,3.1,3.1
119.8,0.0070805,0.0025564,0.0064237,0.60928,0.56455,0.654,0.11981,0.6659,0.66573,0.66606,0.63129,0.22544,0.5144,0.88977,0.97158,0.92227,0.58481,0.7688,0.0064237,0.0,6.45e-05,5e-06,3.404e-20,3.1,3.1
119.9,0.007408,0.0027023,0.0067299,0.60907,0.56393,0.65421,0.11954,0.66565,0.66548,0.66582,0.66335,0.23964,0.54097,0.88989,0.97122,0.9222,0.58438,0.7689,0.0067299,0.0,6.81e-05,5e-06,3.598e-20,3.1,3.1
120.0,0.0077317,0.0028462,0.0070325,0.60887,0.56332,0.65442,0.11925,0.66541,0.66524,0.66558,0.6954,0.25384,0.56755,0.89,0.97085,0.92213,0.58395,0.769,0.0070325,0.0,7.21e-05,5e-06,3.815e-20,3.1,3.1
120.1,0.0080512,0.0029879,0.0073314,0.60867,0.56271,0.65463,0.11895,0.66518,0.66501,0.66535,0.72746,0.26804,0.59412,0.89012,0.97048,0.92206,0.58352,0.7687,0.0073314,0.0,7.67e-05,5e-06,4.063e-20,3.1,3.1
120.2,0.0081872,0.0030788,0.0074673,0.60849,0.56212,0.65485,0.11861,0.66495,0.66478,0.66512,0.74326,0.27786,0.60775,0.89023,0.97011,0.92199,0.58309,0.7684,0.0074673,0.0,8.19e-05,5e-06,4.346e-20,3.1,3.1
120.3,0.0082758,0.0031559,0.0075611,0.60831,0.56154,0.65508,0.11826,0.66473,0.66455,0.6649,0.75501,0.28659,0.61814,0.89034,0.96974,0.92192,0.58266,0.7681,0.0075611,0.0,8.83e-05,5e-06,4.673e-20,3.1,3.1
120.4,0.0083615,0.0032313,0.0076522,0.60813,0.56096,0.65531,0.11787,0.66451,0.66433,0.66468,0.76675,0.29531,0.62853,0.89046,0.96938,0.92185,0.58223,0.7678,0.0076522,0.0,9.59e-05,5e-06,5.056e-20,3.1,3.1
120.5,0.0084444,0.003305,0.0077405,0.60797,0.5604,0.65554,0.11747,0.66429,0.66411,0.66446,0.77849,0.30404,0.63891,0.89057,0.96901,0.92178,0.5818,0.7675000000000001,0.0077405,0.0,0.000105,5e-06,5.51e-20,3.1,3.1
120.6,0.0085242,0.0033769,0.0078263,0.60781,0.55984,0.65578,0.11703,0.66407,0.6639,0.66425,0.79023,0.31276,0.6493,0.89069,0.96864,0.92171,0.58137,0.7672,0.0078263,0.0,0.000116,5e-06,6.059e-20,3.1,3.1
120.7,0.0086015,0.0034469,0.0079093,0.60766,0.5593,0.65602,0.11657,0.66387,0.66369,0.66405,0.80197,0.32149,0.65969,0.8908,0.96827,0.92163,0.58094,0.7669,0.0079093,0.0,0.000129,5e-06,6.734e-20,3.1,3.1
120.8,0.0086749,0.003515,0.0079893,0.60751,0.55876,0.65627,0.11608,0.66366,0.66349,0.66385,0.81371,0.33021,0.67008,0.89091,0.9679,0.92156,0.58051,0.7666000000000001,0.0079893,0.0,0.000146,5e-06,7.585e-20,3.1,3.1
120.9,0.0086419,0.0035407,0.0079712,0.60738,0.55823,0.65652,0.11556,0.66346,0.66329,0.66365,0.81569,0.33513,0.67248,0.89103,0.96753,0.92149,0.58008,0.7663,0.0079712,0.0,0.000168,5e-06,8.691e-20,3.1,3.1
121.0,0.0084527,0.0035049,0.0078101,0.60725,0.55772,0.65677,0.11501,0.66327,0.66309,0.66346,0.80302,0.33431,0.66291,0.89114,0.96717,0.92142,0.57965,0.766,0.0078101,0.0,0.000197,5e-06,1.019e-19,3.1,3.1
121.1,0.0082635,0.0034685,0.0076481,0.60712,0.55721,0.65704,0.11442,0.66309,0.6629,0.66326,0.79036,0.3335,0.65334,0.89126,0.9668,0.92135,0.57922,0.7661,0.0076481,0.0,0.000239,5e-06,1.232e-19,3.1,3.1
121.2,0.0080737,0.0034318,0.0074865,0.60701,0.55672,0.6573,0.1138,0.6629,0.66273,0.66309,0.77769,0.33269,0.64377,0.89137,0.96643,0.92128,0.57878,0.7662,0.0074865,0.0,0.000304,5e-06,1.563e-19,3.1,3.1
121.3,0.0078841,0.003394,0.0073232,0.6069,0.55623,0.65757,0.11315,0.66273,0.66255,0.6629,0.76502,0.33188,0.6342,0.89145,0.96598,0.92116,0.57835,0.7663,0.0073232,0.0,0.000418,5e-06,2.14e-19,3.1,3.1
121.4,0.0076939,0.0033553,0.00716,0.6068,0.55576,0.65784,0.11246,0.66255,0.66236,0.66273,0.75235,0.33106,0.62463,0.89154,0.96554,0.92104,0.57792,0.7664,0.00716,0.0,0.000668,5e-06,3.408e-19,3.1,3.1
121.5,0.0075042,0.0033162,0.0069964,0.60671,0.5553,0.65812,0.11174,0.66239,0.66219,0.66256,0.73968,0.33025,0.61506,0.89162,0.96509,0.92092,0.57749,0.7665,0.0069964,0.0,0.00166,5e-06,8.446e-19,3.1,3.1
121.6,0.0072974,0.0032674,0.0068168,0.60663,0.55485,0.65841,0.11098,0.66222,0.66203,0.6624,0.72535,0.32852,0.60408,0.89171,0.96464,0.9208,0.57706,0.7666000000000001,0.0068168,0.0,0.00335,5e-06,1.701e-18,3.1,3.1
121.7,0.0069412,0.0031366,0.0064948,0.60655,0.5544,0.65869,0.11018,0.66204,0.66186,0.66224,0.69606,0.31854,0.58041,0.89179,0.9642,0.92067,0.57663,0.7667,0.0064948,0.0,0.000838,5e-06,4.282e-19,3.1,3.1
121.8,0.0065885,0.0030069,0.0061751,0.60647,0.55395,0.65899,0.10934,0.66188,0.6617,0.66207,0.66677,0.30857,0.55673,0.89188,0.96375,0.92055,0.57619,0.7668,0.0061751,0.0,0.000479,5e-06,2.458e-19,3.1,3.1
121.9,0.0062395,0.0028784,0.0058585,0.60641,0.55353,0.65929,0.10846,0.66173,0.66153,0.66192,0.63748,0.29859,0.53306,0.89196,0.96331,0.92043,0.57576,0.7669,0.0058585,0.0,0.000335,5e-06,1.729e-19,3.1,3.1
122.0,0.0058939,0.0027515,0.0055447,0.60635,0.55311,0.65959,0.10754,0.66158,0.66139,0.66177,0.60819,0.28861,0.50938,0.89204,0.96286,0.92031,0.57533,0.767,0.0055447,0.0,0.000257,5e-06,1.337e-19,3.1,3.1
122.1,0.005552,0.0026256,0.0052339,0.6063,0.5527,0.6599,0.10658,0.66143,0.66124,0.66162,0.57891,0.27863,0.4857,0.89213,0.96241,0.92019,0.5749,0.7671,0.0052339,0.0,0.000209,5e-06,1.092e-19,3.1,3.1
122.2,0.0052143,0.0025012,0.0049267,0.60626,0.55231,0.66021,0.10558,0.66129,0.66109,0.66148,0.54962,0.26865,0.46203,0.89221,0.96197,0.92007,0.57447,0.7672,0.0049267,0.0,0.000176,5e-06,9.24e-20,3.1,3.1
122.3,0.0048808,0.0023784,0.0046229,0.60623,0.55193,0.66053,0.10453,0.66115,0.66096,0.66134,0.52033,0.25867,0.43835,0.8923,0.96152,0.91995,0.57404,0.7673,0.0046229,0.0,0.000152,5e-06,8.021e-20,3.1,3.1
122.4,0.004531,0.0022288,0.0042992,0.60621,0.55156,0.66085,0.10343,0.66102,0.66083,0.66122,0.48878,0.24558,0.41236,0.89238,0.96107,0.91983,0.5736,0.7674,0.0042992,0.0,0.000134,5e-06,7.094e-20,3.1,3.1
122.5,0.0041777,0.0020696,0.0039697,0.60619,0.55121,0.66118,0.10229,0.6609,0.6607,0.66109,0.45627,0.23114,0.38538,0.89246,0.96063,0.91971,0.57317,0.7675000000000001,0.0039697,0.0,0.000119,5e-06,6.366e-20,3.1,3.1
122.6,0.0038303,0.0019132,0.0036455,0.60619,0.55087,0.66151,0.1011,0.66078,0.66058,0.66097,0.42376,0.21671,0.35841,0.89255,0.96018,0.91959,0.57274,0.7676000000000001,0.0036455,0.0,0.000108,5e-06,5.779e-20,3.1,3.1
122.7,0.0034889,0.0017597,0.0033269,0.60619,0.55054,0.66185,0.099861,0.66066,0.66046,0.66086,0.39124,0.20227,0.33143,0.89263,0.95974,0.91946,0.57231,0.7677,0.0033269,0.0,9.82e-05,5e-06,5.296e-20,3.1,3.1
122.8,0.0031542,0.0016094,0.003014,0.60621,0.55022,0.66219,0.098573,0.66055,0.66036,0.66075,0.35873,0.18784,0.30445,0.89272,0.95929,0.91934,0.57188,0.7678,0.003014,0.0,9.02e-05,5e-06,4.891e-20,3.1,3.1
122.9,0.0028263,0.0014623,0.0027074,0.60623,0.54992,0.66253,0.097235,0.66045,0.66025,0.66065,0.32622,0.1734,0.27747,0.8928,0.95884,0.91922,0.57145,0.7679,0.0027074,0.0,8.35e-05,5e-06,4.546e-20,3.1,3.1
123.0,0.0025057,0.0013186,0.0024074,0.60626,0.54964,0.66289,0.095845,0.66036,0.66016,0.66056,0.29371,0.15897,0.25049,0.89289,0.9584,0.9191,0.57102,0.768,0.0024074,0.0,7.77e-05,5e-06,4.25e-20,3.1,3.1
